metric,corr_with_max_steps,corr_with_timehorizon
avg_reward,0.5766640414299417,0.32414090370842263
best_reward,0.7606799191028828,0.2283965983032294
std_reward,0.8128511172885458,0.1024355212471356
